"Mapping_ID","Project_Name","Subject_Area","Source_System","Source_Database","Source_Schema","Source_Table","Source_Column","Source_Data_Type","Source_Length","Source_Nullable","Source_PK","Source_FK","Business_Rule_ID","Business_Rule_Name","Business_Definition","Transformation_Type","Transformation_Logic","Lookup_Table","Lookup_Join_Condition","Filter_Condition","Target_System","Target_Database","Target_Schema","Target_Table","Target_Column","Target_Data_Type","Target_Length","Target_Precision","Target_Scale","Target_Nullable","Target_PK","Target_FK","DQ_Rule","DQ_Severity","DQ_Action","SCD_Type","Effective_Date_Column","End_Date_Column","Current_Flag_Column","PII_Flag","Data_Masking_Rule","Owner","Approval_Status","Release","Notes"
"MAP_0001","DE Copilot Insurance Data Product","Customer 360","AGENCY","SRC_DB","PUBLIC","SRC_CUSTOMER","CUSTOMER_ID","NUMBER","18","N","Y","N","BR_0001","Customer Data Standardization","Unique customer identifier","Derived","CASE WHEN CUSTOMER_ID IS NULL THEN 'N' ELSE 'Y' END","","","WHERE ACTIVE_FLAG = 'Y'","SNOWFLAKE","ANALYTICS_DB","CORE","CUSTOMER_DIM","CUSTOMER_ID","NUMBER","","18","0","N","Y","N","Must be valid active status","HIGH","Reject Row","SCD1","EFFECTIVE_DATE","EXPIRY_DATE","CURRENT_FLAG","N","","Data Engineering Team","Approved","Release 1.0","Mapping generated for CUSTOMER_ID"
"MAP_0002","DE Copilot Insurance Data Product","Customer 360","PRODUCT_MASTER","SRC_DB","PUBLIC","SRC_PRODUCT","CUSTOMER_NUMBER","VARCHAR","50","N","N","N","BR_0002","Customer Data Standardization","Business customer number","Derived","CASE WHEN CUSTOMER_NUMBER IS NULL THEN 'N' ELSE 'Y' END","","","WHERE ACTIVE_FLAG = 'Y'","SNOWFLAKE","ANALYTICS_DB","CORE","CUSTOMER_DIM","CUSTOMER_NUMBER","VARCHAR","50","","","N","N","N","Must not be null","HIGH","Reject Row","SCD1","EFFECTIVE_DATE","EXPIRY_DATE","CURRENT_FLAG","N","","Data Engineering Team","Approved","Release 1.0","Mapping generated for CUSTOMER_NUMBER"
"MAP_0003","DE Copilot Insurance Data Product","Customer 360","POLICY_ADMIN","SRC_DB","PUBLIC","SRC_PRODUCT","FIRST_NAME","VARCHAR","100","Y","N","N","BR_0003","Customer Data Standardization","Customer first name","Direct","Direct Mapping","","","WHERE ACTIVE_FLAG = 'Y'","SNOWFLAKE","ANALYTICS_DB","CORE","CUSTOMER_DIM","FIRST_NAME","VARCHAR","100","","","Y","N","N","Must not be null","MEDIUM","Flag Record","SCD1","EFFECTIVE_DATE","EXPIRY_DATE","CURRENT_FLAG","N","","Data Engineering Team","Approved","Release 1.0","Mapping generated for FIRST_NAME"
"MAP_0004","DE Copilot Insurance Data Product","Customer 360","AGENCY","SRC_DB","PUBLIC","SRC_PRODUCT","LAST_NAME","VARCHAR","100","Y","N","N","BR_0004","Customer Data Standardization","Customer last name","Derived","LOWER(TRIM(LAST_NAME))","","","WHERE ACTIVE_FLAG = 'Y'","SNOWFLAKE","ANALYTICS_DB","CORE","CUSTOMER_DIM","LAST_NAME","VARCHAR","100","","","Y","N","N","Must follow valid email format","MEDIUM","Flag Record","SCD1","EFFECTIVE_DATE","EXPIRY_DATE","CURRENT_FLAG","N","","Data Engineering Team","Approved","Release 1.0","Mapping generated for LAST_NAME"
"MAP_0005","DE Copilot Insurance Data Product","Customer 360","PRODUCT_MASTER","SRC_DB","PUBLIC","SRC_AGENT","SRC_FULL_NAME","VARCHAR","250","Y","N","N","BR_0005","Customer Data Standardization","Customer full name","Derived","CAST(SRC_FULL_NAME AS DATE)","","","WHERE ACTIVE_FLAG = 'Y'","SNOWFLAKE","ANALYTICS_DB","CORE","CUSTOMER_DIM","FULL_NAME","VARCHAR","250","","","Y","N","N","Must exist in lookup table","MEDIUM","Flag Record","SCD1","EFFECTIVE_DATE","EXPIRY_DATE","CURRENT_FLAG","N","","Data Engineering Team","Approved","Release 1.0","Mapping generated for FULL_NAME"
"MAP_0006","DE Copilot Insurance Data Product","Customer 360","AGENCY","SRC_DB","PUBLIC","SRC_CUSTOMER","EMAIL_ADDRESS","VARCHAR","255","Y","N","N","BR_0006","Customer Data Standardization","Customer email address","Derived","CAST(EMAIL_ADDRESS AS DATE)","","","WHERE ACTIVE_FLAG = 'Y'","SNOWFLAKE","ANALYTICS_DB","CORE","CUSTOMER_DIM","EMAIL_ADDRESS","VARCHAR","255","","","Y","N","N","Must not be null","MEDIUM","Flag Record","SCD1","EFFECTIVE_DATE","EXPIRY_DATE","CURRENT_FLAG","Y","MASK_EMAIL","Data Engineering Team","Approved","Release 1.0","Mapping generated for EMAIL_ADDRESS"
"MAP_0007","DE Copilot Insurance Data Product","Customer 360","CLAIMS","SRC_DB","PUBLIC","SRC_POLICY","PHONE_NUMBER","VARCHAR","30","Y","N","N","BR_0007","Customer Data Standardization","Customer phone number","Derived","UPPER(TRIM(PHONE_NUMBER))","","","WHERE ACTIVE_FLAG = 'Y'","SNOWFLAKE","ANALYTICS_DB","CORE","CUSTOMER_DIM","PHONE_NUMBER","VARCHAR","30","","","Y","N","N","Must be valid date","MEDIUM","Flag Record","SCD1","EFFECTIVE_DATE","EXPIRY_DATE","CURRENT_FLAG","Y","","Data Engineering Team","Approved","Release 1.0","Mapping generated for PHONE_NUMBER"
"MAP_0008","DE Copilot Insurance Data Product","Customer 360","CRM","SRC_DB","PUBLIC","SRC_POLICY","DATE_OF_BIRTH","DATE","","Y","N","N","BR_0008","Customer Data Standardization","Customer date of birth","Derived","TRIM(DATE_OF_BIRTH)","","","WHERE ACTIVE_FLAG = 'Y'","SNOWFLAKE","ANALYTICS_DB","CORE","CUSTOMER_DIM","DATE_OF_BIRTH","DATE","","","","Y","N","N","Must be valid active status","MEDIUM","Flag Record","SCD1","EFFECTIVE_DATE","EXPIRY_DATE","CURRENT_FLAG","Y","","Data Engineering Team","Approved","Release 1.0","Mapping generated for DATE_OF_BIRTH"
"MAP_0009","DE Copilot Insurance Data Product","Customer 360","CLAIMS","SRC_DB","PUBLIC","SRC_CLAIM","GENDER","VARCHAR","20","Y","N","N","BR_0009","Customer Data Standardization","Customer gender","Derived","CASE WHEN GENDER IS NULL THEN 'N' ELSE 'Y' END","","","WHERE ACTIVE_FLAG = 'Y'","SNOWFLAKE","ANALYTICS_DB","CORE","CUSTOMER_DIM","GENDER","VARCHAR","20","","","Y","N","N","Must be valid date","MEDIUM","Flag Record","SCD1","EFFECTIVE_DATE","EXPIRY_DATE","CURRENT_FLAG","N","","Data Engineering Team","Approved","Release 1.0","Mapping generated for GENDER"
"MAP_0010","DE Copilot Insurance Data Product","Customer 360","POLICY_ADMIN","SRC_DB","PUBLIC","SRC_POLICY","SRC_MARITAL_STATUS","VARCHAR","30","Y","N","N","BR_0010","Customer Data Standardization","Customer marital status","Derived","CASE WHEN SRC_MARITAL_STATUS IN ('BOUND','ISSUED') THEN 'ACTIVE' ELSE 'INACTIVE' END","","","WHERE ACTIVE_FLAG = 'Y'","SNOWFLAKE","ANALYTICS_DB","CORE","CUSTOMER_DIM","MARITAL_STATUS","VARCHAR","30","","","Y","N","N","Must not be null","MEDIUM","Flag Record","SCD1","EFFECTIVE_DATE","EXPIRY_DATE","CURRENT_FLAG","N","","Data Engineering Team","Approved","Release 1.0","Mapping generated for MARITAL_STATUS"
"MAP_0011","DE Copilot Insurance Data Product","Customer 360","PRODUCT_MASTER","SRC_DB","PUBLIC","SRC_POLICY","CUSTOMER_SEGMENT","VARCHAR","50","Y","N","N","BR_0011","Customer Data Standardization","Customer market segment","Direct","Direct Mapping","","","WHERE ACTIVE_FLAG = 'Y'","SNOWFLAKE","ANALYTICS_DB","CORE","CUSTOMER_DIM","CUSTOMER_SEGMENT","VARCHAR","50","","","Y","N","N","Must follow valid email format","MEDIUM","Flag Record","SCD1","EFFECTIVE_DATE","EXPIRY_DATE","CURRENT_FLAG","N","","Data Engineering Team","Approved","Release 1.0","Mapping generated for CUSTOMER_SEGMENT"
"MAP_0012","DE Copilot Insurance Data Product","Customer 360","CLAIMS","SRC_DB","PUBLIC","SRC_CUSTOMER","CUSTOMER_STATUS","VARCHAR","30","N","N","N","BR_0012","Customer Data Standardization","Customer active or inactive status","Derived","TRIM(CUSTOMER_STATUS)","","","WHERE ACTIVE_FLAG = 'Y'","SNOWFLAKE","ANALYTICS_DB","CORE","CUSTOMER_DIM","CUSTOMER_STATUS","VARCHAR","30","","","N","N","N","Must be valid active status","HIGH","Reject Row","SCD1","EFFECTIVE_DATE","EXPIRY_DATE","CURRENT_FLAG","N","","Data Engineering Team","Approved","Release 1.0","Mapping generated for CUSTOMER_STATUS"
"MAP_0013","DE Copilot Insurance Data Product","Customer 360","POLICY_ADMIN","SRC_DB","PUBLIC","SRC_CUSTOMER","ADDRESS_LINE_1","VARCHAR","255","Y","N","N","BR_0013","Customer Data Standardization","Primary address line","Derived","COALESCE(ADDRESS_LINE_1, 'UNKNOWN')","","","WHERE ACTIVE_FLAG = 'Y'","SNOWFLAKE","ANALYTICS_DB","CORE","CUSTOMER_DIM","ADDRESS_LINE_1","VARCHAR","255","","","Y","N","N","Must be valid date","MEDIUM","Flag Record","SCD1","EFFECTIVE_DATE","EXPIRY_DATE","CURRENT_FLAG","N","","Data Engineering Team","Approved","Release 1.0","Mapping generated for ADDRESS_LINE_1"
"MAP_0014","DE Copilot Insurance Data Product","Customer 360","AGENCY","SRC_DB","PUBLIC","SRC_POLICY","ADDRESS_LINE_2","VARCHAR","255","Y","N","N","BR_0014","Customer Data Standardization","Secondary address line","Direct","Direct Mapping","","","WHERE ACTIVE_FLAG = 'Y'","SNOWFLAKE","ANALYTICS_DB","CORE","CUSTOMER_DIM","ADDRESS_LINE_2","VARCHAR","255","","","Y","N","N","Must not be null","MEDIUM","Flag Record","SCD1","EFFECTIVE_DATE","EXPIRY_DATE","CURRENT_FLAG","N","","Data Engineering Team","Approved","Release 1.0","Mapping generated for ADDRESS_LINE_2"
"MAP_0015","DE Copilot Insurance Data Product","Customer 360","CLAIMS","SRC_DB","PUBLIC","SRC_CUSTOMER","SRC_CITY","VARCHAR","100","Y","N","N","BR_0015","Customer Data Standardization","Customer city","Derived","CASE WHEN SRC_CITY IS NULL THEN 'N' ELSE 'Y' END","","","WHERE ACTIVE_FLAG = 'Y'","SNOWFLAKE","ANALYTICS_DB","CORE","CUSTOMER_DIM","CITY","VARCHAR","100","","","Y","N","N","Must exist in lookup table","MEDIUM","Flag Record","SCD1","EFFECTIVE_DATE","EXPIRY_DATE","CURRENT_FLAG","N","","Data Engineering Team","Approved","Release 1.0","Mapping generated for CITY"
"MAP_0016","DE Copilot Insurance Data Product","Customer 360","PRODUCT_MASTER","SRC_DB","PUBLIC","SRC_AGENT","STATE_CODE","VARCHAR","10","Y","N","N","BR_0016","Customer Data Standardization","Customer state code","Derived","ROUND(STATE_CODE, 2)","","","WHERE ACTIVE_FLAG = 'Y'","SNOWFLAKE","ANALYTICS_DB","CORE","CUSTOMER_DIM","STATE_CODE","VARCHAR","10","","","Y","N","N","Must be greater than or equal to zero","MEDIUM","Flag Record","SCD1","EFFECTIVE_DATE","EXPIRY_DATE","CURRENT_FLAG","N","","Data Engineering Team","Approved","Release 1.0","Mapping generated for STATE_CODE"
"MAP_0017","DE Copilot Insurance Data Product","Customer 360","POLICY_ADMIN","SRC_DB","PUBLIC","SRC_CUSTOMER","ZIP_CODE","VARCHAR","20","Y","N","N","BR_0017","Customer Data Standardization","Postal code","Derived","TRIM(ZIP_CODE)","","","WHERE ACTIVE_FLAG = 'Y'","SNOWFLAKE","ANALYTICS_DB","CORE","CUSTOMER_DIM","ZIP_CODE","VARCHAR","20","","","Y","N","N","Must match approved reference values","MEDIUM","Flag Record","SCD1","EFFECTIVE_DATE","EXPIRY_DATE","CURRENT_FLAG","N","","Data Engineering Team","Approved","Release 1.0","Mapping generated for ZIP_CODE"
"MAP_0018","DE Copilot Insurance Data Product","Customer 360","CLAIMS","SRC_DB","PUBLIC","SRC_PRODUCT","COUNTRY_CODE","VARCHAR","10","Y","N","N","BR_0018","Customer Data Standardization","Country code","Derived","CASE WHEN COUNTRY_CODE IS NULL THEN 'N' ELSE 'Y' END","","","WHERE ACTIVE_FLAG = 'Y'","SNOWFLAKE","ANALYTICS_DB","CORE","CUSTOMER_DIM","COUNTRY_CODE","VARCHAR","10","","","Y","N","N","Must match approved reference values","MEDIUM","Flag Record","SCD1","EFFECTIVE_DATE","EXPIRY_DATE","CURRENT_FLAG","N","","Data Engineering Team","Approved","Release 1.0","Mapping generated for COUNTRY_CODE"
"MAP_0019","DE Copilot Insurance Data Product","Customer 360","CRM","SRC_DB","PUBLIC","SRC_AGENT","REGION","VARCHAR","50","Y","N","N","BR_0019","Customer Data Standardization","Business region","Derived","CONCAT(FIRST_NAME, ' ', LAST_NAME)","","","WHERE ACTIVE_FLAG = 'Y'","SNOWFLAKE","ANALYTICS_DB","CORE","CUSTOMER_DIM","REGION","VARCHAR","50","","","Y","N","N","Must be valid active status","MEDIUM","Flag Record","SCD1","EFFECTIVE_DATE","EXPIRY_DATE","CURRENT_FLAG","N","","Data Engineering Team","Approved","Release 1.0","Mapping generated for REGION"
"MAP_0020","DE Copilot Insurance Data Product","Customer 360","CRM","SRC_DB","PUBLIC","SRC_CUSTOMER","SRC_AGENT_ID","NUMBER","18","Y","N","N","BR_0020","Customer Data Standardization","Agent identifier","Derived","CASE WHEN SRC_AGENT_ID IN ('BOUND','ISSUED') THEN 'ACTIVE' ELSE 'INACTIVE' END","","","WHERE ACTIVE_FLAG = 'Y'","SNOWFLAKE","ANALYTICS_DB","CORE","CUSTOMER_DIM","AGENT_ID","NUMBER","","18","0","Y","N","N","Must match approved reference values","MEDIUM","Flag Record","SCD1","EFFECTIVE_DATE","EXPIRY_DATE","CURRENT_FLAG","N","","Data Engineering Team","Approved","Release 1.0","Mapping generated for AGENT_ID"
"MAP_0021","DE Copilot Insurance Data Product","Customer 360","CRM","SRC_DB","PUBLIC","SRC_AGENT","AGENT_NAME","VARCHAR","200","Y","N","N","BR_0021","Customer Data Standardization","Agent name","Derived","CAST(AGENT_NAME AS DATE)","","","WHERE ACTIVE_FLAG = 'Y'","SNOWFLAKE","ANALYTICS_DB","CORE","CUSTOMER_DIM","AGENT_NAME","VARCHAR","200","","","Y","N","N","Must exist in lookup table","MEDIUM","Flag Record","SCD1","EFFECTIVE_DATE","EXPIRY_DATE","CURRENT_FLAG","N","","Data Engineering Team","Approved","Release 1.0","Mapping generated for AGENT_NAME"
"MAP_0022","DE Copilot Insurance Data Product","Customer 360","POLICY_ADMIN","SRC_DB","PUBLIC","SRC_CUSTOMER","BROKER_ID","NUMBER","18","Y","N","N","BR_0022","Customer Data Standardization","Broker identifier","Derived","ROUND(BROKER_ID, 2)","","","WHERE ACTIVE_FLAG = 'Y'","SNOWFLAKE","ANALYTICS_DB","CORE","CUSTOMER_DIM","BROKER_ID","NUMBER","","18","0","Y","N","N","Must not be null","MEDIUM","Flag Record","SCD1","EFFECTIVE_DATE","EXPIRY_DATE","CURRENT_FLAG","N","","Data Engineering Team","Approved","Release 1.0","Mapping generated for BROKER_ID"
"MAP_0023","DE Copilot Insurance Data Product","Customer 360","AGENCY","SRC_DB","PUBLIC","SRC_AGENT","BROKER_NAME","VARCHAR","200","Y","N","N","BR_0023","Customer Data Standardization","Broker name","Derived","ROUND(BROKER_NAME, 2)","","","WHERE ACTIVE_FLAG = 'Y'","SNOWFLAKE","ANALYTICS_DB","CORE","CUSTOMER_DIM","BROKER_NAME","VARCHAR","200","","","Y","N","N","Must follow valid email format","MEDIUM","Flag Record","SCD1","EFFECTIVE_DATE","EXPIRY_DATE","CURRENT_FLAG","N","","Data Engineering Team","Approved","Release 1.0","Mapping generated for BROKER_NAME"
"MAP_0024","DE Copilot Insurance Data Product","Customer 360","PRODUCT_MASTER","SRC_DB","PUBLIC","SRC_POLICY","PRODUCT_ID","NUMBER","18","Y","N","N","BR_0024","Customer Data Standardization","Product identifier","Derived","COALESCE(PRODUCT_ID, 'UNKNOWN')","LKP_PRODUCT","SRC.PRODUCT_ID = LKP.PRODUCT_ID","WHERE ACTIVE_FLAG = 'Y'","SNOWFLAKE","ANALYTICS_DB","CORE","CUSTOMER_DIM","PRODUCT_ID","NUMBER","","18","0","Y","N","N","Must not be null","MEDIUM","Flag Record","SCD1","EFFECTIVE_DATE","EXPIRY_DATE","CURRENT_FLAG","N","","Data Engineering Team","Approved","Release 1.0","Mapping generated for PRODUCT_ID"
"MAP_0025","DE Copilot Insurance Data Product","Customer 360","POLICY_ADMIN","SRC_DB","PUBLIC","SRC_CLAIM","SRC_PRODUCT_NAME","VARCHAR","200","Y","N","N","BR_0025","Customer Data Standardization","Product name","Derived","CONCAT(FIRST_NAME, ' ', LAST_NAME)","LKP_PRODUCT","SRC.PRODUCT_ID = LKP.PRODUCT_ID","WHERE ACTIVE_FLAG = 'Y'","SNOWFLAKE","ANALYTICS_DB","CORE","CUSTOMER_DIM","PRODUCT_NAME","VARCHAR","200","","","Y","N","N","Must be valid active status","MEDIUM","Flag Record","SCD1","EFFECTIVE_DATE","EXPIRY_DATE","CURRENT_FLAG","N","","Data Engineering Team","Approved","Release 1.0","Mapping generated for PRODUCT_NAME"
"MAP_0026","DE Copilot Insurance Data Product","Customer 360","POLICY_ADMIN","SRC_DB","PUBLIC","SRC_CLAIM","POLICY_NUMBER","VARCHAR","50","Y","N","N","BR_0026","Customer Data Standardization","Policy number","Derived","TRIM(POLICY_NUMBER)","","","WHERE ACTIVE_FLAG = 'Y'","SNOWFLAKE","ANALYTICS_DB","CORE","CUSTOMER_DIM","POLICY_NUMBER","VARCHAR","50","","","Y","N","N","Must pass datatype validation","MEDIUM","Flag Record","SCD1","EFFECTIVE_DATE","EXPIRY_DATE","CURRENT_FLAG","N","","Data Engineering Team","Approved","Release 1.0","Mapping generated for POLICY_NUMBER"
"MAP_0027","DE Copilot Insurance Data Product","Customer 360","CLAIMS","SRC_DB","PUBLIC","SRC_CLAIM","POLICY_TYPE","VARCHAR","50","Y","N","N","BR_0027","Customer Data Standardization","Policy type","Derived","TRIM(POLICY_TYPE)","","","WHERE ACTIVE_FLAG = 'Y'","SNOWFLAKE","ANALYTICS_DB","CORE","CUSTOMER_DIM","POLICY_TYPE","VARCHAR","50","","","Y","N","N","Must be unique","MEDIUM","Flag Record","SCD1","EFFECTIVE_DATE","EXPIRY_DATE","CURRENT_FLAG","N","","Data Engineering Team","Approved","Release 1.0","Mapping generated for POLICY_TYPE"
"MAP_0028","DE Copilot Insurance Data Product","Customer 360","POLICY_ADMIN","SRC_DB","PUBLIC","SRC_POLICY","POLICY_STATUS","VARCHAR","30","Y","N","N","BR_0028","Customer Data Standardization","Policy status","Derived","CASE WHEN POLICY_STATUS IN ('BOUND','ISSUED') THEN 'ACTIVE' ELSE 'INACTIVE' END","","","WHERE ACTIVE_FLAG = 'Y'","SNOWFLAKE","ANALYTICS_DB","CORE","CUSTOMER_DIM","POLICY_STATUS","VARCHAR","30","","","Y","N","N","Must follow valid email format","MEDIUM","Flag Record","SCD1","EFFECTIVE_DATE","EXPIRY_DATE","CURRENT_FLAG","N","","Data Engineering Team","Approved","Release 1.0","Mapping generated for POLICY_STATUS"
"MAP_0029","DE Copilot Insurance Data Product","Customer 360","AGENCY","SRC_DB","PUBLIC","SRC_PRODUCT","POLICY_START_DATE","DATE","","Y","N","N","BR_0029","Customer Data Standardization","Policy start date","Derived","ROUND(POLICY_START_DATE, 2)","","","WHERE ACTIVE_FLAG = 'Y'","SNOWFLAKE","ANALYTICS_DB","CORE","CUSTOMER_DIM","POLICY_START_DATE","DATE","","","","Y","N","N","Length must not exceed target length","MEDIUM","Flag Record","SCD1","EFFECTIVE_DATE","EXPIRY_DATE","CURRENT_FLAG","N","","Data Engineering Team","Approved","Release 1.0","Mapping generated for POLICY_START_DATE"
"MAP_0030","DE Copilot Insurance Data Product","Customer 360","CLAIMS","SRC_DB","PUBLIC","SRC_AGENT","SRC_POLICY_END_DATE","DATE","","Y","N","N","BR_0030","Customer Data Standardization","Policy end date","Derived","CASE WHEN SRC_POLICY_END_DATE IN ('BOUND','ISSUED') THEN 'ACTIVE' ELSE 'INACTIVE' END","","","WHERE ACTIVE_FLAG = 'Y'","SNOWFLAKE","ANALYTICS_DB","CORE","CUSTOMER_DIM","POLICY_END_DATE","DATE","","","","Y","N","N","Must pass datatype validation","MEDIUM","Flag Record","SCD1","EFFECTIVE_DATE","EXPIRY_DATE","CURRENT_FLAG","N","","Data Engineering Team","Approved","Release 1.0","Mapping generated for POLICY_END_DATE"
"MAP_0031","DE Copilot Insurance Data Product","Customer 360","POLICY_ADMIN","SRC_DB","PUBLIC","SRC_CUSTOMER","RENEWAL_DATE","DATE","","Y","N","N","BR_0031","Customer Data Standardization","Policy renewal date","Derived","TRIM(RENEWAL_DATE)","","","WHERE ACTIVE_FLAG = 'Y'","SNOWFLAKE","ANALYTICS_DB","CORE","CUSTOMER_DIM","RENEWAL_DATE","DATE","","","","Y","N","N","Length must not exceed target length","MEDIUM","Flag Record","SCD1","EFFECTIVE_DATE","EXPIRY_DATE","CURRENT_FLAG","N","","Data Engineering Team","Approved","Release 1.0","Mapping generated for RENEWAL_DATE"
"MAP_0032","DE Copilot Insurance Data Product","Customer 360","PRODUCT_MASTER","SRC_DB","PUBLIC","SRC_CLAIM","PREMIUM_AMOUNT","NUMBER","18","Y","N","N","BR_0032","Customer Data Standardization","Premium amount","Derived","COALESCE(PREMIUM_AMOUNT, 'UNKNOWN')","","","WHERE ACTIVE_FLAG = 'Y'","SNOWFLAKE","ANALYTICS_DB","CORE","CUSTOMER_DIM","PREMIUM_AMOUNT","NUMBER","","18","2","Y","N","N","Must follow valid email format","MEDIUM","Flag Record","SCD1","EFFECTIVE_DATE","EXPIRY_DATE","CURRENT_FLAG","N","","Data Engineering Team","Approved","Release 1.0","Mapping generated for PREMIUM_AMOUNT"
"MAP_0033","DE Copilot Insurance Data Product","Customer 360","CRM","SRC_DB","PUBLIC","SRC_PRODUCT","WRITTEN_PREMIUM","NUMBER","18","Y","N","N","BR_0033","Customer Data Standardization","Written premium","Derived","COALESCE(WRITTEN_PREMIUM, 'UNKNOWN')","","","WHERE ACTIVE_FLAG = 'Y'","SNOWFLAKE","ANALYTICS_DB","CORE","CUSTOMER_DIM","WRITTEN_PREMIUM","NUMBER","","18","2","Y","N","N","Must be valid active status","MEDIUM","Flag Record","SCD1","EFFECTIVE_DATE","EXPIRY_DATE","CURRENT_FLAG","N","","Data Engineering Team","Approved","Release 1.0","Mapping generated for WRITTEN_PREMIUM"
"MAP_0034","DE Copilot Insurance Data Product","Customer 360","CRM","SRC_DB","PUBLIC","SRC_POLICY","EARNED_PREMIUM","NUMBER","18","Y","N","N","BR_0034","Customer Data Standardization","Earned premium","Direct","Direct Mapping","","","WHERE ACTIVE_FLAG = 'Y'","SNOWFLAKE","ANALYTICS_DB","CORE","CUSTOMER_DIM","EARNED_PREMIUM","NUMBER","","18","2","Y","N","N","Must match approved reference values","MEDIUM","Flag Record","SCD1","EFFECTIVE_DATE","EXPIRY_DATE","CURRENT_FLAG","N","","Data Engineering Team","Approved","Release 1.0","Mapping generated for EARNED_PREMIUM"
"MAP_0035","DE Copilot Insurance Data Product","Customer 360","POLICY_ADMIN","SRC_DB","PUBLIC","SRC_PRODUCT","SRC_CLAIM_COUNT","NUMBER","18","Y","N","N","BR_0035","Customer Data Standardization","Number of claims","Derived","TRIM(SRC_CLAIM_COUNT)","","","WHERE ACTIVE_FLAG = 'Y'","SNOWFLAKE","ANALYTICS_DB","CORE","CUSTOMER_DIM","CLAIM_COUNT","NUMBER","","18","0","Y","N","N","Length must not exceed target length","MEDIUM","Flag Record","SCD1","EFFECTIVE_DATE","EXPIRY_DATE","CURRENT_FLAG","N","","Data Engineering Team","Approved","Release 1.0","Mapping generated for CLAIM_COUNT"
"MAP_0036","DE Copilot Insurance Data Product","Customer 360","PRODUCT_MASTER","SRC_DB","PUBLIC","SRC_PRODUCT","CLAIM_AMOUNT","NUMBER","18","Y","N","N","BR_0036","Customer Data Standardization","Total claim amount","Derived","TRIM(CLAIM_AMOUNT)","","","WHERE ACTIVE_FLAG = 'Y'","SNOWFLAKE","ANALYTICS_DB","CORE","CUSTOMER_DIM","CLAIM_AMOUNT","NUMBER","","18","2","Y","N","N","Must be greater than or equal to zero","MEDIUM","Flag Record","SCD1","EFFECTIVE_DATE","EXPIRY_DATE","CURRENT_FLAG","N","","Data Engineering Team","Approved","Release 1.0","Mapping generated for CLAIM_AMOUNT"
"MAP_0037","DE Copilot Insurance Data Product","Customer 360","CLAIMS","SRC_DB","PUBLIC","SRC_CLAIM","LOSS_RATIO","NUMBER","10","Y","N","N","BR_0037","Customer Data Standardization","Loss ratio","Derived","CAST(LOSS_RATIO AS DATE)","","","WHERE ACTIVE_FLAG = 'Y'","SNOWFLAKE","ANALYTICS_DB","CORE","CUSTOMER_DIM","LOSS_RATIO","NUMBER","","10","4","Y","N","N","Length must not exceed target length","MEDIUM","Flag Record","SCD1","EFFECTIVE_DATE","EXPIRY_DATE","CURRENT_FLAG","N","","Data Engineering Team","Approved","Release 1.0","Mapping generated for LOSS_RATIO"
"MAP_0038","DE Copilot Insurance Data Product","Customer 360","PRODUCT_MASTER","SRC_DB","PUBLIC","SRC_CUSTOMER","UNDERWRITER_ID","NUMBER","18","Y","N","N","BR_0038","Customer Data Standardization","Underwriter identifier","Derived","UPPER(TRIM(UNDERWRITER_ID))","","","WHERE ACTIVE_FLAG = 'Y'","SNOWFLAKE","ANALYTICS_DB","CORE","CUSTOMER_DIM","UNDERWRITER_ID","NUMBER","","18","0","Y","N","N","Must be greater than or equal to zero","MEDIUM","Flag Record","SCD1","EFFECTIVE_DATE","EXPIRY_DATE","CURRENT_FLAG","N","","Data Engineering Team","Approved","Release 1.0","Mapping generated for UNDERWRITER_ID"
"MAP_0039","DE Copilot Insurance Data Product","Customer 360","PRODUCT_MASTER","SRC_DB","PUBLIC","SRC_CUSTOMER","UNDERWRITER_NAME","VARCHAR","200","Y","N","N","BR_0039","Customer Data Standardization","Underwriter name","Derived","CONCAT(FIRST_NAME, ' ', LAST_NAME)","","","WHERE ACTIVE_FLAG = 'Y'","SNOWFLAKE","ANALYTICS_DB","CORE","CUSTOMER_DIM","UNDERWRITER_NAME","VARCHAR","200","","","Y","N","N","Must match approved reference values","MEDIUM","Flag Record","SCD1","EFFECTIVE_DATE","EXPIRY_DATE","CURRENT_FLAG","N","","Data Engineering Team","Approved","Release 1.0","Mapping generated for UNDERWRITER_NAME"
"MAP_0040","DE Copilot Insurance Data Product","Customer 360","CLAIMS","SRC_DB","PUBLIC","SRC_CUSTOMER","SRC_RISK_SCORE","NUMBER","10","Y","N","N","BR_0040","Customer Data Standardization","Calculated risk score","Derived","CAST(SRC_RISK_SCORE AS DATE)","","","WHERE ACTIVE_FLAG = 'Y'","SNOWFLAKE","ANALYTICS_DB","CORE","CUSTOMER_DIM","RISK_SCORE","NUMBER","","10","2","Y","N","N","Length must not exceed target length","MEDIUM","Flag Record","SCD1","EFFECTIVE_DATE","EXPIRY_DATE","CURRENT_FLAG","N","","Data Engineering Team","Approved","Release 1.0","Mapping generated for RISK_SCORE"
"MAP_0041","DE Copilot Insurance Data Product","Customer 360","CRM","SRC_DB","PUBLIC","SRC_PRODUCT","CREDIT_SCORE","NUMBER","10","Y","N","N","BR_0041","Customer Data Standardization","Customer credit score","Derived","LOWER(TRIM(CREDIT_SCORE))","","","WHERE ACTIVE_FLAG = 'Y'","SNOWFLAKE","ANALYTICS_DB","CORE","CUSTOMER_DIM","CREDIT_SCORE","NUMBER","","10","0","Y","N","N","Must be valid date","MEDIUM","Flag Record","SCD1","EFFECTIVE_DATE","EXPIRY_DATE","CURRENT_FLAG","N","","Data Engineering Team","Approved","Release 1.0","Mapping generated for CREDIT_SCORE"
"MAP_0042","DE Copilot Insurance Data Product","Customer 360","AGENCY","SRC_DB","PUBLIC","SRC_AGENT","CUSTOMER_TENURE_DAYS","NUMBER","18","Y","N","N","BR_0042","Customer Data Standardization","Customer tenure in days","Derived","CONCAT(FIRST_NAME, ' ', LAST_NAME)","","","WHERE ACTIVE_FLAG = 'Y'","SNOWFLAKE","ANALYTICS_DB","CORE","CUSTOMER_DIM","CUSTOMER_TENURE_DAYS","NUMBER","","18","0","Y","N","N","Must be valid date","MEDIUM","Flag Record","SCD1","EFFECTIVE_DATE","EXPIRY_DATE","CURRENT_FLAG","N","","Data Engineering Team","Approved","Release 1.0","Mapping generated for CUSTOMER_TENURE_DAYS"
"MAP_0043","DE Copilot Insurance Data Product","Customer 360","AGENCY","SRC_DB","PUBLIC","SRC_POLICY","MARKETING_OPT_IN","VARCHAR","1","Y","N","N","BR_0043","Customer Data Standardization","Marketing preference","Derived","ROUND(MARKETING_OPT_IN, 2)","","","WHERE ACTIVE_FLAG = 'Y'","SNOWFLAKE","ANALYTICS_DB","CORE","CUSTOMER_DIM","MARKETING_OPT_IN","VARCHAR","1","","","Y","N","N","Length must not exceed target length","MEDIUM","Flag Record","SCD1","EFFECTIVE_DATE","EXPIRY_DATE","CURRENT_FLAG","N","","Data Engineering Team","Approved","Release 1.0","Mapping generated for MARKETING_OPT_IN"
"MAP_0044","DE Copilot Insurance Data Product","Customer 360","PRODUCT_MASTER","SRC_DB","PUBLIC","SRC_CUSTOMER","EMAIL_OPT_IN","VARCHAR","1","Y","N","N","BR_0044","Customer Data Standardization","Email preference","Derived","UPPER(TRIM(EMAIL_OPT_IN))","","","WHERE ACTIVE_FLAG = 'Y'","SNOWFLAKE","ANALYTICS_DB","CORE","CUSTOMER_DIM","EMAIL_OPT_IN","VARCHAR","1","","","Y","N","N","Must follow valid email format","MEDIUM","Flag Record","SCD1","EFFECTIVE_DATE","EXPIRY_DATE","CURRENT_FLAG","N","","Data Engineering Team","Approved","Release 1.0","Mapping generated for EMAIL_OPT_IN"
"MAP_0045","DE Copilot Insurance Data Product","Customer 360","AGENCY","SRC_DB","PUBLIC","SRC_POLICY","SRC_SMS_OPT_IN","VARCHAR","1","Y","N","N","BR_0045","Customer Data Standardization","SMS preference","Derived","CAST(SRC_SMS_OPT_IN AS DATE)","","","WHERE ACTIVE_FLAG = 'Y'","SNOWFLAKE","ANALYTICS_DB","CORE","CUSTOMER_DIM","SMS_OPT_IN","VARCHAR","1","","","Y","N","N","Must be valid date","MEDIUM","Flag Record","SCD1","EFFECTIVE_DATE","EXPIRY_DATE","CURRENT_FLAG","N","","Data Engineering Team","Approved","Release 1.0","Mapping generated for SMS_OPT_IN"
"MAP_0046","DE Copilot Insurance Data Product","Customer 360","PRODUCT_MASTER","SRC_DB","PUBLIC","SRC_AGENT","CREATED_DATE","TIMESTAMP_NTZ","","N","N","N","BR_0046","Customer Data Standardization","Record created timestamp","Derived","COALESCE(CREATED_DATE, 'UNKNOWN')","","","WHERE ACTIVE_FLAG = 'Y'","SNOWFLAKE","ANALYTICS_DB","CORE","CUSTOMER_DIM","CREATED_DATE","TIMESTAMP_NTZ","","","","N","N","N","Must exist in lookup table","HIGH","Reject Row","SCD1","EFFECTIVE_DATE","EXPIRY_DATE","CURRENT_FLAG","N","","Data Engineering Team","Approved","Release 1.0","Mapping generated for CREATED_DATE"
"MAP_0047","DE Copilot Insurance Data Product","Customer 360","PRODUCT_MASTER","SRC_DB","PUBLIC","SRC_CLAIM","UPDATED_DATE","TIMESTAMP_NTZ","","Y","N","N","BR_0047","Customer Data Standardization","Record updated timestamp","Derived","CASE WHEN UPDATED_DATE IS NULL THEN 'N' ELSE 'Y' END","","","WHERE ACTIVE_FLAG = 'Y'","SNOWFLAKE","ANALYTICS_DB","CORE","CUSTOMER_DIM","UPDATED_DATE","TIMESTAMP_NTZ","","","","Y","N","N","Must match approved reference values","MEDIUM","Flag Record","SCD1","EFFECTIVE_DATE","EXPIRY_DATE","CURRENT_FLAG","N","","Data Engineering Team","Approved","Release 1.0","Mapping generated for UPDATED_DATE"
"MAP_0048","DE Copilot Insurance Data Product","Customer 360","POLICY_ADMIN","SRC_DB","PUBLIC","SRC_AGENT","CURRENT_FLAG","VARCHAR","1","N","N","N","BR_0048","Customer Data Standardization","Current row indicator","Derived","CASE WHEN CURRENT_FLAG IS NULL THEN 'N' ELSE 'Y' END","","","WHERE ACTIVE_FLAG = 'Y'","SNOWFLAKE","ANALYTICS_DB","CORE","CUSTOMER_DIM","CURRENT_FLAG","VARCHAR","1","","","N","N","N","Must be greater than or equal to zero","HIGH","Reject Row","SCD2","EFFECTIVE_DATE","EXPIRY_DATE","CURRENT_FLAG","N","","Data Engineering Team","Approved","Release 1.0","Mapping generated for CURRENT_FLAG"
"MAP_0049","DE Copilot Insurance Data Product","Customer 360","CLAIMS","SRC_DB","PUBLIC","SRC_CUSTOMER","EFFECTIVE_DATE","DATE","","N","N","N","BR_0049","Customer Data Standardization","SCD effective date","Direct","Direct Mapping","","","WHERE ACTIVE_FLAG = 'Y'","SNOWFLAKE","ANALYTICS_DB","CORE","CUSTOMER_DIM","EFFECTIVE_DATE","DATE","","","","N","N","N","Must exist in lookup table","HIGH","Reject Row","SCD2","EFFECTIVE_DATE","EXPIRY_DATE","CURRENT_FLAG","N","","Data Engineering Team","Approved","Release 1.0","Mapping generated for EFFECTIVE_DATE"
"MAP_0050","DE Copilot Insurance Data Product","Customer 360","AGENCY","SRC_DB","PUBLIC","SRC_CLAIM","SRC_EXPIRY_DATE","DATE","","Y","N","N","BR_0050","Customer Data Standardization","SCD expiry date","Derived","LOWER(TRIM(SRC_EXPIRY_DATE))","","","WHERE ACTIVE_FLAG = 'Y'","SNOWFLAKE","ANALYTICS_DB","CORE","CUSTOMER_DIM","EXPIRY_DATE","DATE","","","","Y","N","N","Must be greater than or equal to zero","MEDIUM","Flag Record","SCD2","EFFECTIVE_DATE","EXPIRY_DATE","CURRENT_FLAG","N","","Data Engineering Team","Approved","Release 1.0","Mapping generated for EXPIRY_DATE"
"MAP_0051","DE Copilot Insurance Data Product","Policy Metrics","POLICY_ADMIN","SRC_DB","PUBLIC","SRC_POLICY","SRC_METRIC_51","NUMBER","18","Y","N","N","BR_0051","Policy Metric Calculation","Derived business metric number 51","Derived","COALESCE(SRC_METRIC_51, 0)","","","WHERE RECORD_STATUS = 'ACTIVE'","SNOWFLAKE","ANALYTICS_DB","CORE","POLICY_METRIC_FACT","METRIC_51","NUMBER","","18","2","Y","N","N","Must be greater than or equal to zero","MEDIUM","Flag Record","SCD1","","","","N","","Data Engineering Team","Approved","Release 1.0","Complex metric mapping generated for METRIC_51"
"MAP_0052","DE Copilot Insurance Data Product","Policy Metrics","POLICY_ADMIN","SRC_DB","PUBLIC","SRC_CLAIM","SRC_METRIC_52","NUMBER","18","Y","N","N","BR_0052","Policy Metric Calculation","Derived business metric number 52","Derived","SUM(SRC_METRIC_52) OVER (PARTITION BY POLICY_NUMBER)","","","WHERE RECORD_STATUS = 'ACTIVE'","SNOWFLAKE","ANALYTICS_DB","CORE","POLICY_METRIC_FACT","METRIC_52","NUMBER","","18","2","Y","N","N","Must be greater than or equal to zero","MEDIUM","Flag Record","SCD1","","","","N","","Data Engineering Team","Approved","Release 1.0","Complex metric mapping generated for METRIC_52"
"MAP_0053","DE Copilot Insurance Data Product","Policy Metrics","POLICY_ADMIN","SRC_DB","PUBLIC","SRC_SUBMISSION","SRC_METRIC_53","NUMBER","18","Y","N","N","BR_0053","Policy Metric Calculation","Derived business metric number 53","Derived","SUM(SRC_METRIC_53) OVER (PARTITION BY POLICY_NUMBER)","","","WHERE RECORD_STATUS = 'ACTIVE'","SNOWFLAKE","ANALYTICS_DB","CORE","POLICY_METRIC_FACT","METRIC_53","NUMBER","","18","2","Y","N","N","Must be greater than or equal to zero","MEDIUM","Flag Record","SCD1","","","","N","","Data Engineering Team","Approved","Release 1.0","Complex metric mapping generated for METRIC_53"
"MAP_0054","DE Copilot Insurance Data Product","Policy Metrics","POLICY_ADMIN","SRC_DB","PUBLIC","SRC_SUBMISSION","SRC_METRIC_54","NUMBER","18","Y","N","N","BR_0054","Policy Metric Calculation","Derived business metric number 54","Derived","SRC_METRIC_54 * 1.05","","","WHERE RECORD_STATUS = 'ACTIVE'","SNOWFLAKE","ANALYTICS_DB","CORE","POLICY_METRIC_FACT","METRIC_54","NUMBER","","18","2","Y","N","N","Must be greater than or equal to zero","MEDIUM","Flag Record","SCD1","","","","N","","Data Engineering Team","Approved","Release 1.0","Complex metric mapping generated for METRIC_54"
"MAP_0055","DE Copilot Insurance Data Product","Policy Metrics","POLICY_ADMIN","SRC_DB","PUBLIC","SRC_CLAIM","SRC_METRIC_55","NUMBER","18","Y","N","N","BR_0055","Policy Metric Calculation","Derived business metric number 55","Derived","ROUND(SRC_METRIC_55, 2)","","","WHERE RECORD_STATUS = 'ACTIVE'","SNOWFLAKE","ANALYTICS_DB","CORE","POLICY_METRIC_FACT","METRIC_55","NUMBER","","18","2","Y","N","N","Must be greater than or equal to zero","MEDIUM","Flag Record","SCD1","","","","N","","Data Engineering Team","Approved","Release 1.0","Complex metric mapping generated for METRIC_55"
"MAP_0056","DE Copilot Insurance Data Product","Policy Metrics","POLICY_ADMIN","SRC_DB","PUBLIC","SRC_CLAIM","SRC_METRIC_56","NUMBER","18","Y","N","N","BR_0056","Policy Metric Calculation","Derived business metric number 56","Derived","ROUND(SRC_METRIC_56, 2)","","","WHERE RECORD_STATUS = 'ACTIVE'","SNOWFLAKE","ANALYTICS_DB","CORE","POLICY_METRIC_FACT","METRIC_56","NUMBER","","18","2","Y","N","N","Must be greater than or equal to zero","MEDIUM","Flag Record","SCD1","","","","N","","Data Engineering Team","Approved","Release 1.0","Complex metric mapping generated for METRIC_56"
"MAP_0057","DE Copilot Insurance Data Product","Policy Metrics","POLICY_ADMIN","SRC_DB","PUBLIC","SRC_BILLING","SRC_METRIC_57","NUMBER","18","Y","N","N","BR_0057","Policy Metric Calculation","Derived business metric number 57","Derived","ROUND(SRC_METRIC_57, 2)","","","WHERE RECORD_STATUS = 'ACTIVE'","SNOWFLAKE","ANALYTICS_DB","CORE","POLICY_METRIC_FACT","METRIC_57","NUMBER","","18","2","Y","N","N","Must be greater than or equal to zero","MEDIUM","Flag Record","SCD1","","","","N","","Data Engineering Team","Approved","Release 1.0","Complex metric mapping generated for METRIC_57"
"MAP_0058","DE Copilot Insurance Data Product","Policy Metrics","POLICY_ADMIN","SRC_DB","PUBLIC","SRC_POLICY","SRC_METRIC_58","NUMBER","18","Y","N","N","BR_0058","Policy Metric Calculation","Derived business metric number 58","Derived","SUM(SRC_METRIC_58) OVER (PARTITION BY POLICY_NUMBER)","","","WHERE RECORD_STATUS = 'ACTIVE'","SNOWFLAKE","ANALYTICS_DB","CORE","POLICY_METRIC_FACT","METRIC_58","NUMBER","","18","2","Y","N","N","Must be greater than or equal to zero","MEDIUM","Flag Record","SCD1","","","","N","","Data Engineering Team","Approved","Release 1.0","Complex metric mapping generated for METRIC_58"
"MAP_0059","DE Copilot Insurance Data Product","Policy Metrics","POLICY_ADMIN","SRC_DB","PUBLIC","SRC_SUBMISSION","SRC_METRIC_59","NUMBER","18","Y","N","N","BR_0059","Policy Metric Calculation","Derived business metric number 59","Derived","COALESCE(SRC_METRIC_59, 0)","","","WHERE RECORD_STATUS = 'ACTIVE'","SNOWFLAKE","ANALYTICS_DB","CORE","POLICY_METRIC_FACT","METRIC_59","NUMBER","","18","2","Y","N","N","Must be greater than or equal to zero","MEDIUM","Flag Record","SCD1","","","","N","","Data Engineering Team","Approved","Release 1.0","Complex metric mapping generated for METRIC_59"
"MAP_0060","DE Copilot Insurance Data Product","Policy Metrics","POLICY_ADMIN","SRC_DB","PUBLIC","SRC_SUBMISSION","SRC_METRIC_60","NUMBER","18","Y","N","N","BR_0060","Policy Metric Calculation","Derived business metric number 60","Derived","SRC_METRIC_60 * 1.05","","","WHERE RECORD_STATUS = 'ACTIVE'","SNOWFLAKE","ANALYTICS_DB","CORE","POLICY_METRIC_FACT","METRIC_60","NUMBER","","18","2","Y","N","N","Must be greater than or equal to zero","MEDIUM","Flag Record","SCD1","","","","N","","Data Engineering Team","Approved","Release 1.0","Complex metric mapping generated for METRIC_60"
"MAP_0061","DE Copilot Insurance Data Product","Policy Metrics","POLICY_ADMIN","SRC_DB","PUBLIC","SRC_SUBMISSION","SRC_METRIC_61","NUMBER","18","Y","N","N","BR_0061","Policy Metric Calculation","Derived business metric number 61","Derived","ROUND(SRC_METRIC_61, 2)","","","WHERE RECORD_STATUS = 'ACTIVE'","SNOWFLAKE","ANALYTICS_DB","CORE","POLICY_METRIC_FACT","METRIC_61","NUMBER","","18","2","Y","N","N","Must be greater than or equal to zero","MEDIUM","Flag Record","SCD1","","","","N","","Data Engineering Team","Approved","Release 1.0","Complex metric mapping generated for METRIC_61"
"MAP_0062","DE Copilot Insurance Data Product","Policy Metrics","POLICY_ADMIN","SRC_DB","PUBLIC","SRC_POLICY","SRC_METRIC_62","NUMBER","18","Y","N","N","BR_0062","Policy Metric Calculation","Derived business metric number 62","Derived","CASE WHEN SRC_METRIC_62 < 0 THEN 0 ELSE SRC_METRIC_62 END","","","WHERE RECORD_STATUS = 'ACTIVE'","SNOWFLAKE","ANALYTICS_DB","CORE","POLICY_METRIC_FACT","METRIC_62","NUMBER","","18","2","Y","N","N","Must be greater than or equal to zero","MEDIUM","Flag Record","SCD1","","","","N","","Data Engineering Team","Approved","Release 1.0","Complex metric mapping generated for METRIC_62"
"MAP_0063","DE Copilot Insurance Data Product","Policy Metrics","POLICY_ADMIN","SRC_DB","PUBLIC","SRC_POLICY","SRC_METRIC_63","NUMBER","18","Y","N","N","BR_0063","Policy Metric Calculation","Derived business metric number 63","Derived","ROUND(SRC_METRIC_63, 2)","","","WHERE RECORD_STATUS = 'ACTIVE'","SNOWFLAKE","ANALYTICS_DB","CORE","POLICY_METRIC_FACT","METRIC_63","NUMBER","","18","2","Y","N","N","Must be greater than or equal to zero","MEDIUM","Flag Record","SCD1","","","","N","","Data Engineering Team","Approved","Release 1.0","Complex metric mapping generated for METRIC_63"
"MAP_0064","DE Copilot Insurance Data Product","Policy Metrics","POLICY_ADMIN","SRC_DB","PUBLIC","SRC_CLAIM","SRC_METRIC_64","NUMBER","18","Y","N","N","BR_0064","Policy Metric Calculation","Derived business metric number 64","Derived","CASE WHEN SRC_METRIC_64 < 0 THEN 0 ELSE SRC_METRIC_64 END","","","WHERE RECORD_STATUS = 'ACTIVE'","SNOWFLAKE","ANALYTICS_DB","CORE","POLICY_METRIC_FACT","METRIC_64","NUMBER","","18","2","Y","N","N","Must be greater than or equal to zero","MEDIUM","Flag Record","SCD1","","","","N","","Data Engineering Team","Approved","Release 1.0","Complex metric mapping generated for METRIC_64"
"MAP_0065","DE Copilot Insurance Data Product","Policy Metrics","POLICY_ADMIN","SRC_DB","PUBLIC","SRC_BILLING","SRC_METRIC_65","NUMBER","18","Y","N","N","BR_0065","Policy Metric Calculation","Derived business metric number 65","Derived","CASE WHEN SRC_METRIC_65 < 0 THEN 0 ELSE SRC_METRIC_65 END","","","WHERE RECORD_STATUS = 'ACTIVE'","SNOWFLAKE","ANALYTICS_DB","CORE","POLICY_METRIC_FACT","METRIC_65","NUMBER","","18","2","Y","N","N","Must be greater than or equal to zero","MEDIUM","Flag Record","SCD1","","","","N","","Data Engineering Team","Approved","Release 1.0","Complex metric mapping generated for METRIC_65"
"MAP_0066","DE Copilot Insurance Data Product","Policy Metrics","POLICY_ADMIN","SRC_DB","PUBLIC","SRC_CLAIM","SRC_METRIC_66","NUMBER","18","Y","N","N","BR_0066","Policy Metric Calculation","Derived business metric number 66","Derived","ROUND(SRC_METRIC_66, 2)","","","WHERE RECORD_STATUS = 'ACTIVE'","SNOWFLAKE","ANALYTICS_DB","CORE","POLICY_METRIC_FACT","METRIC_66","NUMBER","","18","2","Y","N","N","Must be greater than or equal to zero","MEDIUM","Flag Record","SCD1","","","","N","","Data Engineering Team","Approved","Release 1.0","Complex metric mapping generated for METRIC_66"
"MAP_0067","DE Copilot Insurance Data Product","Policy Metrics","POLICY_ADMIN","SRC_DB","PUBLIC","SRC_CLAIM","SRC_METRIC_67","NUMBER","18","Y","N","N","BR_0067","Policy Metric Calculation","Derived business metric number 67","Derived","SUM(SRC_METRIC_67) OVER (PARTITION BY POLICY_NUMBER)","","","WHERE RECORD_STATUS = 'ACTIVE'","SNOWFLAKE","ANALYTICS_DB","CORE","POLICY_METRIC_FACT","METRIC_67","NUMBER","","18","2","Y","N","N","Must be greater than or equal to zero","MEDIUM","Flag Record","SCD1","","","","N","","Data Engineering Team","Approved","Release 1.0","Complex metric mapping generated for METRIC_67"
"MAP_0068","DE Copilot Insurance Data Product","Policy Metrics","POLICY_ADMIN","SRC_DB","PUBLIC","SRC_POLICY","SRC_METRIC_68","NUMBER","18","Y","N","N","BR_0068","Policy Metric Calculation","Derived business metric number 68","Derived","ROUND(SRC_METRIC_68, 2)","","","WHERE RECORD_STATUS = 'ACTIVE'","SNOWFLAKE","ANALYTICS_DB","CORE","POLICY_METRIC_FACT","METRIC_68","NUMBER","","18","2","Y","N","N","Must be greater than or equal to zero","MEDIUM","Flag Record","SCD1","","","","N","","Data Engineering Team","Approved","Release 1.0","Complex metric mapping generated for METRIC_68"
"MAP_0069","DE Copilot Insurance Data Product","Policy Metrics","POLICY_ADMIN","SRC_DB","PUBLIC","SRC_POLICY","SRC_METRIC_69","NUMBER","18","Y","N","N","BR_0069","Policy Metric Calculation","Derived business metric number 69","Derived","SUM(SRC_METRIC_69) OVER (PARTITION BY POLICY_NUMBER)","","","WHERE RECORD_STATUS = 'ACTIVE'","SNOWFLAKE","ANALYTICS_DB","CORE","POLICY_METRIC_FACT","METRIC_69","NUMBER","","18","2","Y","N","N","Must be greater than or equal to zero","MEDIUM","Flag Record","SCD1","","","","N","","Data Engineering Team","Approved","Release 1.0","Complex metric mapping generated for METRIC_69"
"MAP_0070","DE Copilot Insurance Data Product","Policy Metrics","POLICY_ADMIN","SRC_DB","PUBLIC","SRC_SUBMISSION","SRC_METRIC_70","NUMBER","18","Y","N","N","BR_0070","Policy Metric Calculation","Derived business metric number 70","Derived","SUM(SRC_METRIC_70) OVER (PARTITION BY POLICY_NUMBER)","","","WHERE RECORD_STATUS = 'ACTIVE'","SNOWFLAKE","ANALYTICS_DB","CORE","POLICY_METRIC_FACT","METRIC_70","NUMBER","","18","2","Y","N","N","Must be greater than or equal to zero","MEDIUM","Flag Record","SCD1","","","","N","","Data Engineering Team","Approved","Release 1.0","Complex metric mapping generated for METRIC_70"
"MAP_0071","DE Copilot Insurance Data Product","Policy Metrics","POLICY_ADMIN","SRC_DB","PUBLIC","SRC_BILLING","SRC_METRIC_71","NUMBER","18","Y","N","N","BR_0071","Policy Metric Calculation","Derived business metric number 71","Derived","SRC_METRIC_71 * 1.05","","","WHERE RECORD_STATUS = 'ACTIVE'","SNOWFLAKE","ANALYTICS_DB","CORE","POLICY_METRIC_FACT","METRIC_71","NUMBER","","18","2","Y","N","N","Must be greater than or equal to zero","MEDIUM","Flag Record","SCD1","","","","N","","Data Engineering Team","Approved","Release 1.0","Complex metric mapping generated for METRIC_71"
"MAP_0072","DE Copilot Insurance Data Product","Policy Metrics","POLICY_ADMIN","SRC_DB","PUBLIC","SRC_POLICY","SRC_METRIC_72","NUMBER","18","Y","N","N","BR_0072","Policy Metric Calculation","Derived business metric number 72","Derived","SRC_METRIC_72 * 1.05","","","WHERE RECORD_STATUS = 'ACTIVE'","SNOWFLAKE","ANALYTICS_DB","CORE","POLICY_METRIC_FACT","METRIC_72","NUMBER","","18","2","Y","N","N","Must be greater than or equal to zero","MEDIUM","Flag Record","SCD1","","","","N","","Data Engineering Team","Approved","Release 1.0","Complex metric mapping generated for METRIC_72"
"MAP_0073","DE Copilot Insurance Data Product","Policy Metrics","POLICY_ADMIN","SRC_DB","PUBLIC","SRC_CLAIM","SRC_METRIC_73","NUMBER","18","Y","N","N","BR_0073","Policy Metric Calculation","Derived business metric number 73","Derived","COALESCE(SRC_METRIC_73, 0)","","","WHERE RECORD_STATUS = 'ACTIVE'","SNOWFLAKE","ANALYTICS_DB","CORE","POLICY_METRIC_FACT","METRIC_73","NUMBER","","18","2","Y","N","N","Must be greater than or equal to zero","MEDIUM","Flag Record","SCD1","","","","N","","Data Engineering Team","Approved","Release 1.0","Complex metric mapping generated for METRIC_73"
"MAP_0074","DE Copilot Insurance Data Product","Policy Metrics","POLICY_ADMIN","SRC_DB","PUBLIC","SRC_SUBMISSION","SRC_METRIC_74","NUMBER","18","Y","N","N","BR_0074","Policy Metric Calculation","Derived business metric number 74","Derived","SRC_METRIC_74 * 1.05","","","WHERE RECORD_STATUS = 'ACTIVE'","SNOWFLAKE","ANALYTICS_DB","CORE","POLICY_METRIC_FACT","METRIC_74","NUMBER","","18","2","Y","N","N","Must be greater than or equal to zero","MEDIUM","Flag Record","SCD1","","","","N","","Data Engineering Team","Approved","Release 1.0","Complex metric mapping generated for METRIC_74"
"MAP_0075","DE Copilot Insurance Data Product","Policy Metrics","POLICY_ADMIN","SRC_DB","PUBLIC","SRC_SUBMISSION","SRC_METRIC_75","NUMBER","18","Y","N","N","BR_0075","Policy Metric Calculation","Derived business metric number 75","Derived","SUM(SRC_METRIC_75) OVER (PARTITION BY POLICY_NUMBER)","","","WHERE RECORD_STATUS = 'ACTIVE'","SNOWFLAKE","ANALYTICS_DB","CORE","POLICY_METRIC_FACT","METRIC_75","NUMBER","","18","2","Y","N","N","Must be greater than or equal to zero","MEDIUM","Flag Record","SCD1","","","","N","","Data Engineering Team","Approved","Release 1.0","Complex metric mapping generated for METRIC_75"
"MAP_0076","DE Copilot Insurance Data Product","Policy Metrics","POLICY_ADMIN","SRC_DB","PUBLIC","SRC_POLICY","SRC_METRIC_76","NUMBER","18","Y","N","N","BR_0076","Policy Metric Calculation","Derived business metric number 76","Derived","ROUND(SRC_METRIC_76, 2)","","","WHERE RECORD_STATUS = 'ACTIVE'","SNOWFLAKE","ANALYTICS_DB","CORE","POLICY_METRIC_FACT","METRIC_76","NUMBER","","18","2","Y","N","N","Must be greater than or equal to zero","MEDIUM","Flag Record","SCD1","","","","N","","Data Engineering Team","Approved","Release 1.0","Complex metric mapping generated for METRIC_76"
"MAP_0077","DE Copilot Insurance Data Product","Policy Metrics","POLICY_ADMIN","SRC_DB","PUBLIC","SRC_SUBMISSION","SRC_METRIC_77","NUMBER","18","Y","N","N","BR_0077","Policy Metric Calculation","Derived business metric number 77","Derived","SUM(SRC_METRIC_77) OVER (PARTITION BY POLICY_NUMBER)","","","WHERE RECORD_STATUS = 'ACTIVE'","SNOWFLAKE","ANALYTICS_DB","CORE","POLICY_METRIC_FACT","METRIC_77","NUMBER","","18","2","Y","N","N","Must be greater than or equal to zero","MEDIUM","Flag Record","SCD1","","","","N","","Data Engineering Team","Approved","Release 1.0","Complex metric mapping generated for METRIC_77"
"MAP_0078","DE Copilot Insurance Data Product","Policy Metrics","POLICY_ADMIN","SRC_DB","PUBLIC","SRC_CLAIM","SRC_METRIC_78","NUMBER","18","Y","N","N","BR_0078","Policy Metric Calculation","Derived business metric number 78","Derived","CASE WHEN SRC_METRIC_78 < 0 THEN 0 ELSE SRC_METRIC_78 END","","","WHERE RECORD_STATUS = 'ACTIVE'","SNOWFLAKE","ANALYTICS_DB","CORE","POLICY_METRIC_FACT","METRIC_78","NUMBER","","18","2","Y","N","N","Must be greater than or equal to zero","MEDIUM","Flag Record","SCD1","","","","N","","Data Engineering Team","Approved","Release 1.0","Complex metric mapping generated for METRIC_78"
"MAP_0079","DE Copilot Insurance Data Product","Policy Metrics","POLICY_ADMIN","SRC_DB","PUBLIC","SRC_BILLING","SRC_METRIC_79","NUMBER","18","Y","N","N","BR_0079","Policy Metric Calculation","Derived business metric number 79","Derived","SUM(SRC_METRIC_79) OVER (PARTITION BY POLICY_NUMBER)","","","WHERE RECORD_STATUS = 'ACTIVE'","SNOWFLAKE","ANALYTICS_DB","CORE","POLICY_METRIC_FACT","METRIC_79","NUMBER","","18","2","Y","N","N","Must be greater than or equal to zero","MEDIUM","Flag Record","SCD1","","","","N","","Data Engineering Team","Approved","Release 1.0","Complex metric mapping generated for METRIC_79"
"MAP_0080","DE Copilot Insurance Data Product","Policy Metrics","POLICY_ADMIN","SRC_DB","PUBLIC","SRC_BILLING","SRC_METRIC_80","NUMBER","18","Y","N","N","BR_0080","Policy Metric Calculation","Derived business metric number 80","Derived","CASE WHEN SRC_METRIC_80 < 0 THEN 0 ELSE SRC_METRIC_80 END","","","WHERE RECORD_STATUS = 'ACTIVE'","SNOWFLAKE","ANALYTICS_DB","CORE","POLICY_METRIC_FACT","METRIC_80","NUMBER","","18","2","Y","N","N","Must be greater than or equal to zero","MEDIUM","Flag Record","SCD1","","","","N","","Data Engineering Team","Approved","Release 1.0","Complex metric mapping generated for METRIC_80"
"MAP_0081","DE Copilot Insurance Data Product","Policy Metrics","POLICY_ADMIN","SRC_DB","PUBLIC","SRC_BILLING","SRC_METRIC_81","NUMBER","18","Y","N","N","BR_0081","Policy Metric Calculation","Derived business metric number 81","Derived","SUM(SRC_METRIC_81) OVER (PARTITION BY POLICY_NUMBER)","","","WHERE RECORD_STATUS = 'ACTIVE'","SNOWFLAKE","ANALYTICS_DB","CORE","POLICY_METRIC_FACT","METRIC_81","NUMBER","","18","2","Y","N","N","Must be greater than or equal to zero","MEDIUM","Flag Record","SCD1","","","","N","","Data Engineering Team","Approved","Release 1.0","Complex metric mapping generated for METRIC_81"
"MAP_0082","DE Copilot Insurance Data Product","Policy Metrics","POLICY_ADMIN","SRC_DB","PUBLIC","SRC_SUBMISSION","SRC_METRIC_82","NUMBER","18","Y","N","N","BR_0082","Policy Metric Calculation","Derived business metric number 82","Derived","CASE WHEN SRC_METRIC_82 < 0 THEN 0 ELSE SRC_METRIC_82 END","","","WHERE RECORD_STATUS = 'ACTIVE'","SNOWFLAKE","ANALYTICS_DB","CORE","POLICY_METRIC_FACT","METRIC_82","NUMBER","","18","2","Y","N","N","Must be greater than or equal to zero","MEDIUM","Flag Record","SCD1","","","","N","","Data Engineering Team","Approved","Release 1.0","Complex metric mapping generated for METRIC_82"
"MAP_0083","DE Copilot Insurance Data Product","Policy Metrics","POLICY_ADMIN","SRC_DB","PUBLIC","SRC_POLICY","SRC_METRIC_83","NUMBER","18","Y","N","N","BR_0083","Policy Metric Calculation","Derived business metric number 83","Derived","CASE WHEN SRC_METRIC_83 < 0 THEN 0 ELSE SRC_METRIC_83 END","","","WHERE RECORD_STATUS = 'ACTIVE'","SNOWFLAKE","ANALYTICS_DB","CORE","POLICY_METRIC_FACT","METRIC_83","NUMBER","","18","2","Y","N","N","Must be greater than or equal to zero","MEDIUM","Flag Record","SCD1","","","","N","","Data Engineering Team","Approved","Release 1.0","Complex metric mapping generated for METRIC_83"
"MAP_0084","DE Copilot Insurance Data Product","Policy Metrics","POLICY_ADMIN","SRC_DB","PUBLIC","SRC_BILLING","SRC_METRIC_84","NUMBER","18","Y","N","N","BR_0084","Policy Metric Calculation","Derived business metric number 84","Derived","COALESCE(SRC_METRIC_84, 0)","","","WHERE RECORD_STATUS = 'ACTIVE'","SNOWFLAKE","ANALYTICS_DB","CORE","POLICY_METRIC_FACT","METRIC_84","NUMBER","","18","2","Y","N","N","Must be greater than or equal to zero","MEDIUM","Flag Record","SCD1","","","","N","","Data Engineering Team","Approved","Release 1.0","Complex metric mapping generated for METRIC_84"
"MAP_0085","DE Copilot Insurance Data Product","Policy Metrics","POLICY_ADMIN","SRC_DB","PUBLIC","SRC_SUBMISSION","SRC_METRIC_85","NUMBER","18","Y","N","N","BR_0085","Policy Metric Calculation","Derived business metric number 85","Derived","SUM(SRC_METRIC_85) OVER (PARTITION BY POLICY_NUMBER)","","","WHERE RECORD_STATUS = 'ACTIVE'","SNOWFLAKE","ANALYTICS_DB","CORE","POLICY_METRIC_FACT","METRIC_85","NUMBER","","18","2","Y","N","N","Must be greater than or equal to zero","MEDIUM","Flag Record","SCD1","","","","N","","Data Engineering Team","Approved","Release 1.0","Complex metric mapping generated for METRIC_85"
"MAP_0086","DE Copilot Insurance Data Product","Policy Metrics","POLICY_ADMIN","SRC_DB","PUBLIC","SRC_BILLING","SRC_METRIC_86","NUMBER","18","Y","N","N","BR_0086","Policy Metric Calculation","Derived business metric number 86","Derived","ROUND(SRC_METRIC_86, 2)","","","WHERE RECORD_STATUS = 'ACTIVE'","SNOWFLAKE","ANALYTICS_DB","CORE","POLICY_METRIC_FACT","METRIC_86","NUMBER","","18","2","Y","N","N","Must be greater than or equal to zero","MEDIUM","Flag Record","SCD1","","","","N","","Data Engineering Team","Approved","Release 1.0","Complex metric mapping generated for METRIC_86"
"MAP_0087","DE Copilot Insurance Data Product","Policy Metrics","POLICY_ADMIN","SRC_DB","PUBLIC","SRC_CLAIM","SRC_METRIC_87","NUMBER","18","Y","N","N","BR_0087","Policy Metric Calculation","Derived business metric number 87","Derived","SRC_METRIC_87 * 1.05","","","WHERE RECORD_STATUS = 'ACTIVE'","SNOWFLAKE","ANALYTICS_DB","CORE","POLICY_METRIC_FACT","METRIC_87","NUMBER","","18","2","Y","N","N","Must be greater than or equal to zero","MEDIUM","Flag Record","SCD1","","","","N","","Data Engineering Team","Approved","Release 1.0","Complex metric mapping generated for METRIC_87"
"MAP_0088","DE Copilot Insurance Data Product","Policy Metrics","POLICY_ADMIN","SRC_DB","PUBLIC","SRC_CLAIM","SRC_METRIC_88","NUMBER","18","Y","N","N","BR_0088","Policy Metric Calculation","Derived business metric number 88","Derived","ROUND(SRC_METRIC_88, 2)","","","WHERE RECORD_STATUS = 'ACTIVE'","SNOWFLAKE","ANALYTICS_DB","CORE","POLICY_METRIC_FACT","METRIC_88","NUMBER","","18","2","Y","N","N","Must be greater than or equal to zero","MEDIUM","Flag Record","SCD1","","","","N","","Data Engineering Team","Approved","Release 1.0","Complex metric mapping generated for METRIC_88"
"MAP_0089","DE Copilot Insurance Data Product","Policy Metrics","POLICY_ADMIN","SRC_DB","PUBLIC","SRC_BILLING","SRC_METRIC_89","NUMBER","18","Y","N","N","BR_0089","Policy Metric Calculation","Derived business metric number 89","Derived","SUM(SRC_METRIC_89) OVER (PARTITION BY POLICY_NUMBER)","","","WHERE RECORD_STATUS = 'ACTIVE'","SNOWFLAKE","ANALYTICS_DB","CORE","POLICY_METRIC_FACT","METRIC_89","NUMBER","","18","2","Y","N","N","Must be greater than or equal to zero","MEDIUM","Flag Record","SCD1","","","","N","","Data Engineering Team","Approved","Release 1.0","Complex metric mapping generated for METRIC_89"
"MAP_0090","DE Copilot Insurance Data Product","Policy Metrics","POLICY_ADMIN","SRC_DB","PUBLIC","SRC_BILLING","SRC_METRIC_90","NUMBER","18","Y","N","N","BR_0090","Policy Metric Calculation","Derived business metric number 90","Derived","CASE WHEN SRC_METRIC_90 < 0 THEN 0 ELSE SRC_METRIC_90 END","","","WHERE RECORD_STATUS = 'ACTIVE'","SNOWFLAKE","ANALYTICS_DB","CORE","POLICY_METRIC_FACT","METRIC_90","NUMBER","","18","2","Y","N","N","Must be greater than or equal to zero","MEDIUM","Flag Record","SCD1","","","","N","","Data Engineering Team","Approved","Release 1.0","Complex metric mapping generated for METRIC_90"
"MAP_0091","DE Copilot Insurance Data Product","Policy Metrics","POLICY_ADMIN","SRC_DB","PUBLIC","SRC_BILLING","SRC_METRIC_91","NUMBER","18","Y","N","N","BR_0091","Policy Metric Calculation","Derived business metric number 91","Derived","ROUND(SRC_METRIC_91, 2)","","","WHERE RECORD_STATUS = 'ACTIVE'","SNOWFLAKE","ANALYTICS_DB","CORE","POLICY_METRIC_FACT","METRIC_91","NUMBER","","18","2","Y","N","N","Must be greater than or equal to zero","MEDIUM","Flag Record","SCD1","","","","N","","Data Engineering Team","Approved","Release 1.0","Complex metric mapping generated for METRIC_91"
"MAP_0092","DE Copilot Insurance Data Product","Policy Metrics","POLICY_ADMIN","SRC_DB","PUBLIC","SRC_BILLING","SRC_METRIC_92","NUMBER","18","Y","N","N","BR_0092","Policy Metric Calculation","Derived business metric number 92","Derived","CASE WHEN SRC_METRIC_92 < 0 THEN 0 ELSE SRC_METRIC_92 END","","","WHERE RECORD_STATUS = 'ACTIVE'","SNOWFLAKE","ANALYTICS_DB","CORE","POLICY_METRIC_FACT","METRIC_92","NUMBER","","18","2","Y","N","N","Must be greater than or equal to zero","MEDIUM","Flag Record","SCD1","","","","N","","Data Engineering Team","Approved","Release 1.0","Complex metric mapping generated for METRIC_92"
"MAP_0093","DE Copilot Insurance Data Product","Policy Metrics","POLICY_ADMIN","SRC_DB","PUBLIC","SRC_CLAIM","SRC_METRIC_93","NUMBER","18","Y","N","N","BR_0093","Policy Metric Calculation","Derived business metric number 93","Derived","COALESCE(SRC_METRIC_93, 0)","","","WHERE RECORD_STATUS = 'ACTIVE'","SNOWFLAKE","ANALYTICS_DB","CORE","POLICY_METRIC_FACT","METRIC_93","NUMBER","","18","2","Y","N","N","Must be greater than or equal to zero","MEDIUM","Flag Record","SCD1","","","","N","","Data Engineering Team","Approved","Release 1.0","Complex metric mapping generated for METRIC_93"
"MAP_0094","DE Copilot Insurance Data Product","Policy Metrics","POLICY_ADMIN","SRC_DB","PUBLIC","SRC_SUBMISSION","SRC_METRIC_94","NUMBER","18","Y","N","N","BR_0094","Policy Metric Calculation","Derived business metric number 94","Derived","CASE WHEN SRC_METRIC_94 < 0 THEN 0 ELSE SRC_METRIC_94 END","","","WHERE RECORD_STATUS = 'ACTIVE'","SNOWFLAKE","ANALYTICS_DB","CORE","POLICY_METRIC_FACT","METRIC_94","NUMBER","","18","2","Y","N","N","Must be greater than or equal to zero","MEDIUM","Flag Record","SCD1","","","","N","","Data Engineering Team","Approved","Release 1.0","Complex metric mapping generated for METRIC_94"
"MAP_0095","DE Copilot Insurance Data Product","Policy Metrics","POLICY_ADMIN","SRC_DB","PUBLIC","SRC_POLICY","SRC_METRIC_95","NUMBER","18","Y","N","N","BR_0095","Policy Metric Calculation","Derived business metric number 95","Derived","ROUND(SRC_METRIC_95, 2)","","","WHERE RECORD_STATUS = 'ACTIVE'","SNOWFLAKE","ANALYTICS_DB","CORE","POLICY_METRIC_FACT","METRIC_95","NUMBER","","18","2","Y","N","N","Must be greater than or equal to zero","MEDIUM","Flag Record","SCD1","","","","N","","Data Engineering Team","Approved","Release 1.0","Complex metric mapping generated for METRIC_95"
"MAP_0096","DE Copilot Insurance Data Product","Policy Metrics","POLICY_ADMIN","SRC_DB","PUBLIC","SRC_POLICY","SRC_METRIC_96","NUMBER","18","Y","N","N","BR_0096","Policy Metric Calculation","Derived business metric number 96","Derived","CASE WHEN SRC_METRIC_96 < 0 THEN 0 ELSE SRC_METRIC_96 END","","","WHERE RECORD_STATUS = 'ACTIVE'","SNOWFLAKE","ANALYTICS_DB","CORE","POLICY_METRIC_FACT","METRIC_96","NUMBER","","18","2","Y","N","N","Must be greater than or equal to zero","MEDIUM","Flag Record","SCD1","","","","N","","Data Engineering Team","Approved","Release 1.0","Complex metric mapping generated for METRIC_96"
"MAP_0097","DE Copilot Insurance Data Product","Policy Metrics","POLICY_ADMIN","SRC_DB","PUBLIC","SRC_BILLING","SRC_METRIC_97","NUMBER","18","Y","N","N","BR_0097","Policy Metric Calculation","Derived business metric number 97","Derived","ROUND(SRC_METRIC_97, 2)","","","WHERE RECORD_STATUS = 'ACTIVE'","SNOWFLAKE","ANALYTICS_DB","CORE","POLICY_METRIC_FACT","METRIC_97","NUMBER","","18","2","Y","N","N","Must be greater than or equal to zero","MEDIUM","Flag Record","SCD1","","","","N","","Data Engineering Team","Approved","Release 1.0","Complex metric mapping generated for METRIC_97"
"MAP_0098","DE Copilot Insurance Data Product","Policy Metrics","POLICY_ADMIN","SRC_DB","PUBLIC","SRC_SUBMISSION","SRC_METRIC_98","NUMBER","18","Y","N","N","BR_0098","Policy Metric Calculation","Derived business metric number 98","Derived","SRC_METRIC_98 * 1.05","","","WHERE RECORD_STATUS = 'ACTIVE'","SNOWFLAKE","ANALYTICS_DB","CORE","POLICY_METRIC_FACT","METRIC_98","NUMBER","","18","2","Y","N","N","Must be greater than or equal to zero","MEDIUM","Flag Record","SCD1","","","","N","","Data Engineering Team","Approved","Release 1.0","Complex metric mapping generated for METRIC_98"
"MAP_0099","DE Copilot Insurance Data Product","Policy Metrics","POLICY_ADMIN","SRC_DB","PUBLIC","SRC_SUBMISSION","SRC_METRIC_99","NUMBER","18","Y","N","N","BR_0099","Policy Metric Calculation","Derived business metric number 99","Derived","ROUND(SRC_METRIC_99, 2)","","","WHERE RECORD_STATUS = 'ACTIVE'","SNOWFLAKE","ANALYTICS_DB","CORE","POLICY_METRIC_FACT","METRIC_99","NUMBER","","18","2","Y","N","N","Must be greater than or equal to zero","MEDIUM","Flag Record","SCD1","","","","N","","Data Engineering Team","Approved","Release 1.0","Complex metric mapping generated for METRIC_99"
"MAP_0100","DE Copilot Insurance Data Product","Policy Metrics","POLICY_ADMIN","SRC_DB","PUBLIC","SRC_BILLING","SRC_METRIC_100","NUMBER","18","Y","N","N","BR_0100","Policy Metric Calculation","Derived business metric number 100","Derived","CASE WHEN SRC_METRIC_100 < 0 THEN 0 ELSE SRC_METRIC_100 END","","","WHERE RECORD_STATUS = 'ACTIVE'","SNOWFLAKE","ANALYTICS_DB","CORE","POLICY_METRIC_FACT","METRIC_100","NUMBER","","18","2","Y","N","N","Must be greater than or equal to zero","MEDIUM","Flag Record","SCD1","","","","N","","Data Engineering Team","Approved","Release 1.0","Complex metric mapping generated for METRIC_100"
